Campaign_ID,Platform,Post_Date,Impressions,Engagement,Clicks,Sales,Product_Category
1,Website,2024-10-17,26444,2812,337,9049,Jackets
2,Instagram,2024-01-03,53757,3981,69,718,T-Shirts
3,X,2024-03-11,32926,853,295,6791,Jackets
4,Instagram,2024-04-21,37106,1944,352,3853,Sneakers
5,X,2024-06-13,38715,2084,1017,11722,Sneakers
6,Instagram,2024-06-28,56600,3873,541,2794,Jackets
7,X,2024-04-15,20796,5934,1021,13194,Jackets
8,X,2024-08-23,12246,4449,612,12022,Sneakers
9,X,2024-07-22,43881,5713,1035,11568,T-Shirts
10,X,2024-10-19,12185,4495,815,11099,Jackets
11,Website,2024-08-08,59629,2673,13,4919,Jackets
12,Instagram,2024-03-04,27332,3119,305,5670,T-Shirts
13,Website,2024-01-01,30959,836,1194,5591,Jeans
14,Website,2024-03-07,840,2783,517,9455,Jeans
15,Website,2024-03-28,18446,2048,562,10397,T-Shirts
16,Instagram,2024-06-26,55397,1885,760,7040,Sneakers
17,Instagram,2024-07-18,12012,5241,483,7291,Jeans
18,X,2024-04-17,40215,1563,514,9910,Jackets
19,Instagram,2024-03-14,6999,2330,1166,193,Jackets
20,Website,2024-05-21,50634,4253,933,4549,Jackets
21,Instagram,2024-06-28,27595,771,192,3701,Jeans
22,X,2024-04-05,19618,1268,530,5874,Jeans
23,Instagram,2024-02-16,17538,335,237,11832,Jackets
24,Website,2024-10-11,24435,957,1079,5902,T-Shirts
25,Instagram,2024-03-22,23338,5897,470,6935,Sneakers
26,Website,2024-09-01,10916,3732,265,4262,Sneakers
27,X,2024-01-10,52087,572,290,3715,Jeans
28,Website,2024-12-28,16548,1810,465,4196,Sneakers
29,X,2024-03-08,45134,4361,397,912,Sneakers
30,X,2024-02-20,53139,3371,90,2254,Jeans
31,Instagram,2024-12-24,58551,5521,38,4318,Sneakers
32,X,2024-02-12,2510,1945,189,5574,Sneakers
33,Website,2024-10-05,38735,1442,703,8242,Jackets
34,Instagram,2024-01-01,56392,4269,581,1857,T-Shirts
35,Website,2024-06-23,15821,3535,782,11830,Sneakers
36,X,2024-01-01,26517,4487,136,2156,Sneakers
37,Instagram,2024-03-23,49631,1346,885,5875,Jeans
38,Website,2024-06-26,18228,2985,264,13184,Jackets
39,Website,2024-04-18,34882,5838,988,8599,Sneakers
40,X,2024-12-12,53023,4587,1193,13767,Sneakers
41,Instagram,2024-02-27,24711,3862,863,11551,Jackets
42,Website,2024-09-18,36530,3252,1046,4417,Jackets
43,Website,2024-02-20,21814,3325,1156,11584,Jeans
44,Instagram,2024-10-15,59076,4116,760,13465,T-Shirts
45,Instagram,2024-07-10,16559,2033,966,10085,T-Shirts
46,Website,2024-11-05,30254,4090,301,13080,Jeans
47,X,2024-03-30,34581,3531,397,9736,Jeans
48,X,2024-03-07,20872,1065,574,8217,T-Shirts
49,Instagram,2024-04-12,42619,4971,258,123,Jeans
50,Instagram,2024-11-20,18797,512,1184,3949,T-Shirts
51,Instagram,2024-02-26,10542,3085,739,13469,T-Shirts
52,Instagram,2024-10-02,23126,5848,716,12863,Jeans
53,X,2024-08-23,24603,1334,39,9807,Sneakers
54,Instagram,2024-09-21,37626,2783,595,6755,Jackets
55,Instagram,2024-06-19,37598,2004,823,8698,Sneakers
56,Instagram,2024-03-22,28882,5534,242,6978,Sneakers
57,Instagram,2024-04-15,29273,5833,850,341,T-Shirts
58,Website,2024-02-22,42704,3336,632,3525,Jeans
59,Website,2024-04-17,15483,2304,1100,1669,T-Shirts
60,Website,2024-05-20,24104,2900,250,13905,Jeans
61,X,2024-02-27,6957,827,782,9537,Jackets
62,X,2024-03-30,28697,5431,552,4138,Sneakers
63,Website,2024-07-02,13228,4026,316,8972,Jeans
64,X,2024-11-18,50236,3780,294,10542,Jackets
65,X,2024-10-25,36900,4250,870,683,T-Shirts
66,Instagram,2024-01-01,6677,4548,383,14563,Jackets
67,Instagram,2024-06-12,16642,4845,336,12510,Jackets
68,Website,2024-03-09,14930,3958,598,14893,Jackets
69,Instagram,2024-12-18,52136,2681,740,7226,T-Shirts
70,Instagram,2024-07-12,31677,3504,1158,14809,Sneakers
71,Instagram,2024-06-22,20451,5232,1047,8725,Sneakers
72,Instagram,2024-07-05,32164,2638,52,14236,T-Shirts
73,Instagram,2024-07-13,36106,728,602,12018,T-Shirts
74,Website,2024-08-01,32660,4106,658,5818,Jeans
75,Instagram,2024-07-03,27871,5738,1188,13315,Jackets
76,X,2024-08-13,14995,945,194,13722,Sneakers
77,Instagram,2024-07-28,46441,2166,215,7258,Jackets
78,Instagram,2024-01-13,37883,585,576,8131,Jeans
79,X,2024-10-17,48331,1251,320,9174,Jackets
80,Instagram,2024-12-25,51874,5796,855,12897,Jackets
81,Instagram,2024-12-04,24889,3839,795,11919,T-Shirts
82,X,2024-03-28,21687,3712,567,8325,Sneakers
83,X,2024-09-12,8033,5980,995,6931,Jackets
84,Instagram,2024-04-17,778,1063,998,8154,Sneakers
85,Instagram,2024-08-19,31237,1979,699,9891,Jackets
86,Website,2024-09-26,1656,610,358,6396,Jeans
87,Instagram,2024-05-23,32085,4016,1038,9560,Jeans
88,Website,2024-06-09,15215,1810,809,13827,T-Shirts
89,Instagram,2024-02-13,37663,48,720,7964,Jackets
90,Instagram,2024-04-22,48422,5669,850,6402,Jackets
91,Website,2024-12-30,17018,2473,448,14345,Sneakers
92,Website,2024-07-04,59474,4867,1079,11149,T-Shirts
93,Instagram,2024-09-27,58437,193,755,212,Jackets
94,Website,2024-11-08,8918,2433,961,5076,Sneakers
95,Website,2024-07-18,7055,4447,313,7024,Jackets
96,Website,2024-12-24,30925,1068,990,2784,Jeans
97,Website,2024-02-15,45587,1432,1025,10467,T-Shirts
98,Website,2024-05-14,56297,1055,585,1224,Jeans
99,X,2024-06-21,10724,134,266,12683,Jeans
100,Instagram,2024-05-10,20782,4256,95,5276,Jeans
101,X,2024-11-08,37259,3224,587,4428,Jackets
102,X,2024-09-15,38753,5894,959,11607,T-Shirts
103,Instagram,2024-10-25,25461,1396,364,4292,Sneakers
104,Website,2024-06-04,3784,3035,837,6313,Sneakers
105,Website,2024-06-12,16135,3429,1192,5662,Sneakers
106,Website,2024-05-02,52308,5200,133,11880,Jackets
107,Instagram,2024-12-09,5593,1239,506,10032,Jeans
108,X,2024-12-05,18788,3586,516,5254,Jackets
109,Website,2024-03-25,59930,1080,174,5378,Sneakers
110,Website,2024-08-07,38716,2263,1014,9636,Sneakers
111,X,2024-11-19,34686,4167,818,5869,T-Shirts
112,X,2024-07-09,57836,2816,57,10318,Jeans
113,Website,2024-07-19,7452,2802,1110,2166,Jackets
114,Website,2024-10-27,29076,463,201,2332,Sneakers
115,Website,2024-01-07,32891,2951,430,9663,Sneakers
116,Instagram,2024-08-24,12283,4487,48,9565,Jeans
117,X,2024-09-29,42692,5796,731,10968,Jackets
118,Instagram,2024-07-15,24337,1316,268,11647,Jeans
119,Website,2024-01-28,7944,2195,131,8919,Sneakers
120,Instagram,2024-09-25,47869,5945,149,4379,T-Shirts
121,X,2024-10-30,50962,4745,177,6311,Sneakers
122,Website,2024-10-15,38587,2386,315,8925,Jackets
123,X,2024-04-11,19893,1804,764,3535,Sneakers
124,Instagram,2024-10-07,48292,3639,129,13304,Jeans
125,X,2024-11-26,28282,1719,577,3978,Sneakers
126,Website,2024-10-19,20156,2233,617,13870,Sneakers
127,X,2024-08-26,10749,4562,216,13108,Sneakers
128,Website,2024-12-19,17456,2147,416,7869,T-Shirts
129,X,2024-06-02,45354,3204,1048,5299,Jackets
130,Website,2024-07-16,21532,4524,89,2448,Jeans
131,X,2024-12-27,8493,1436,408,12565,Jeans
132,Instagram,2024-12-22,26100,4451,73,3999,T-Shirts
133,Instagram,2024-02-06,10735,2965,610,6568,Sneakers
134,Website,2024-09-22,51037,1823,985,3507,Sneakers
135,Website,2024-01-22,30278,3485,652,3246,Sneakers
136,Website,2024-10-27,29628,3938,251,13625,Jackets
137,X,2024-06-07,57173,4512,329,3437,Jackets
138,X,2024-10-13,20873,2373,1013,5560,Jackets
139,Website,2024-02-06,51440,48,153,9980,T-Shirts
140,Website,2024-02-12,7700,2302,608,3465,Jackets
141,X,2024-12-27,31854,2046,402,4798,Jeans
142,Instagram,2024-09-06,17990,4320,244,2881,Sneakers
143,Website,2024-01-25,29309,2897,747,12470,Jackets
144,X,2024-10-28,5377,4187,112,14811,T-Shirts
145,X,2024-08-18,11102,5887,200,2946,Sneakers
146,Website,2024-09-19,18900,1454,664,13572,Jeans
147,X,2024-12-12,28938,1330,376,14095,Sneakers
148,Website,2024-04-18,50965,2956,416,2660,Sneakers
149,Website,2024-01-08,37642,261,8,10286,Jackets
150,X,2024-07-26,14296,4101,542,664,Jeans
151,X,2024-05-09,13733,3825,113,8157,Jeans
152,X,2024-11-21,14941,1556,674,13532,T-Shirts
153,Instagram,2024-01-23,50222,5917,668,13736,Jackets
154,Instagram,2024-01-25,43069,449,608,1176,Jackets
155,Instagram,2024-10-15,54890,3373,869,6163,Jeans
156,Instagram,2024-11-06,16812,5643,852,14061,Sneakers
157,X,2024-03-12,49215,2772,971,1772,T-Shirts
158,Instagram,2024-07-25,15525,2042,1134,9787,Jackets
159,Instagram,2024-09-16,18602,4750,639,10214,Jackets
160,Instagram,2024-05-14,21803,3145,972,8785,Jeans
161,X,2024-10-05,19407,5286,278,2295,Jeans
162,Instagram,2024-09-12,6762,3950,513,4687,Sneakers
163,Instagram,2024-01-28,18864,2067,217,6273,T-Shirts
164,Instagram,2024-09-29,40010,3494,797,3773,Jackets
165,X,2024-10-01,56156,5362,24,6712,Jeans
166,Instagram,2024-10-01,18699,4650,716,8424,Jackets
167,Website,2024-04-27,54420,4543,21,4818,Jeans
168,X,2024-07-09,15108,1540,920,10303,Sneakers
169,X,2024-08-09,1887,1738,17,8254,Sneakers
170,X,2024-06-18,17505,1292,78,9968,Jeans
171,Instagram,2024-04-13,4535,4118,292,8095,T-Shirts
172,X,2024-12-02,24479,3400,1189,9658,Jackets
173,Website,2024-07-29,25564,1952,1086,2818,T-Shirts
174,X,2024-08-19,26745,5397,710,7979,Sneakers
175,Instagram,2024-12-23,51070,898,987,1327,Jeans
176,X,2024-11-13,5979,4341,1042,5128,Jeans
177,X,2024-09-15,57761,3132,319,1939,Sneakers
178,X,2024-01-22,30846,3895,854,7621,Jackets
179,Website,2024-04-27,47570,3270,978,11030,T-Shirts
180,X,2024-08-27,37395,2461,1173,13200,Jeans
181,X,2024-06-06,18479,2638,1118,10263,T-Shirts
182,Website,2024-05-13,14299,2715,1081,2887,Jeans
183,Website,2024-01-29,5336,4640,1119,6672,Jackets
184,Instagram,2024-01-07,44030,1598,579,12218,Sneakers
185,Instagram,2024-02-01,9123,4575,1033,4020,Jeans
186,Instagram,2024-08-24,7848,967,474,13561,Sneakers
187,Website,2024-03-10,30530,5963,1076,14685,T-Shirts
188,Instagram,2024-07-25,52434,4163,200,5056,Jackets
189,Instagram,2024-12-14,45707,808,698,13572,Jeans
190,Instagram,2024-05-14,29894,4981,36,962,Sneakers
191,Instagram,2024-04-08,36772,991,947,871,Jackets
192,X,2024-02-07,20050,4223,14,5608,T-Shirts
193,Instagram,2024-02-01,18178,3694,355,6535,T-Shirts
194,Website,2024-11-28,9520,3701,554,10643,Jackets
195,Instagram,2024-11-09,31948,1995,191,564,T-Shirts
196,X,2024-02-26,30804,3931,610,7703,Sneakers
197,X,2024-11-07,43474,500,1068,14683,Sneakers
198,Website,2024-05-13,6571,2663,893,8349,T-Shirts
199,X,2024-11-13,9708,3055,115,10300,Sneakers
200,X,2024-07-21,26573,4906,421,3585,T-Shirts
201,X,2024-08-28,12043,716,661,1646,T-Shirts
202,X,2024-02-22,21144,3940,525,4711,Jackets
203,Website,2024-12-25,5056,1263,309,10080,Sneakers
204,X,2024-09-11,18029,3804,94,7093,Jackets
205,Website,2024-01-16,43844,3504,32,13225,T-Shirts
206,X,2024-11-04,24857,937,76,10672,T-Shirts
207,X,2024-04-20,58004,2227,18,10722,Sneakers
208,Instagram,2024-06-20,27982,4838,391,7971,Jackets
209,Instagram,2024-07-16,35010,4781,18,10362,Sneakers
210,Instagram,2024-09-27,49403,1120,525,3957,Jeans
211,Instagram,2024-03-09,7066,3110,718,5457,T-Shirts
212,Instagram,2024-02-26,24111,5650,411,673,Sneakers
213,Website,2024-05-24,40629,5762,1006,278,Jackets
214,X,2024-06-13,5024,3911,440,4068,Jeans
215,Instagram,2024-01-20,27023,400,992,316,Jackets
216,X,2024-02-14,27743,5284,1106,10349,Jackets
217,Instagram,2024-09-21,36593,356,283,9741,Jeans
218,Website,2024-11-29,2262,560,595,14436,T-Shirts
219,X,2024-01-11,54204,2322,1055,9577,Sneakers
220,X,2024-06-20,49646,3219,663,4851,Jackets
221,Instagram,2024-05-02,18643,2661,1151,14273,T-Shirts
222,X,2024-05-23,31181,4356,264,7991,Jeans
223,X,2024-08-04,8275,887,1172,401,Jackets
224,Website,2024-12-20,19130,1864,81,14482,T-Shirts
225,X,2024-09-11,3357,4743,643,8636,Sneakers
226,Website,2024-01-25,10175,3898,1160,11843,T-Shirts
227,X,2024-02-15,45493,474,431,10990,Jackets
228,Website,2024-09-14,37699,5362,809,7862,Jackets
229,Instagram,2024-11-26,45965,444,257,8673,Sneakers
230,X,2024-09-10,39768,3588,909,1349,Jackets
231,Website,2024-05-14,14232,4358,585,12463,Jackets
232,Instagram,2024-10-26,18232,4817,667,13831,Jackets
233,Instagram,2024-02-22,36521,3808,698,6067,Jeans
234,Instagram,2024-05-06,55683,2699,661,224,Jackets
235,X,2024-05-15,14097,2627,1182,4885,Jackets
236,Instagram,2024-03-26,27996,4053,1140,6440,T-Shirts
237,Website,2024-05-04,1739,4689,664,1024,Sneakers
238,Instagram,2024-08-05,47575,1221,732,2836,Sneakers
239,X,2024-09-26,25585,1555,686,12460,Jackets
240,Website,2024-09-30,36985,4389,666,10442,Jeans
241,Instagram,2024-04-30,48303,4359,402,11654,Jeans
242,Instagram,2024-03-04,510,5138,617,5152,Jeans
243,X,2024-02-21,24413,1096,263,9725,T-Shirts
244,Website,2024-11-25,54132,818,533,4230,T-Shirts
245,X,2024-04-16,14222,861,868,10455,Jackets
246,Instagram,2024-10-21,49946,5556,988,7379,T-Shirts
247,Instagram,2024-03-07,44677,682,637,13779,Jackets
248,X,2024-10-30,21388,2840,45,14242,T-Shirts
249,Instagram,2024-06-06,32768,3333,687,11809,Jeans
250,Website,2024-01-20,24868,549,66,11292,Sneakers
251,Website,2024-05-26,21336,3125,852,8205,T-Shirts
252,Instagram,2024-04-21,8456,133,970,6513,Sneakers
253,Website,2024-01-09,17499,2345,690,4351,Sneakers
254,Website,2024-08-23,39569,1563,1146,7574,Jackets
255,Website,2024-11-29,19095,829,1079,4693,Sneakers
256,X,2024-10-02,41668,1872,1086,1712,Sneakers
257,X,2024-03-21,34461,443,438,4164,T-Shirts
258,Instagram,2024-07-06,6915,2169,1174,10043,Sneakers
259,X,2024-06-15,51505,3459,991,11372,Sneakers
260,Instagram,2024-01-07,21463,5614,1006,4620,Jackets
261,X,2024-03-27,46049,1530,46,5051,Sneakers
262,X,2024-05-30,43733,4582,1032,8216,Jeans
263,X,2024-12-03,1755,3918,1175,3984,Sneakers
264,Website,2024-04-24,37413,1915,1000,3073,Jackets
265,Website,2024-05-12,50214,5030,554,282,T-Shirts
266,Website,2024-07-31,46062,4422,218,3337,Jeans
267,X,2024-08-20,7748,2996,804,3142,T-Shirts
268,Website,2024-06-11,5653,2060,108,4670,Jeans
269,Website,2024-06-14,4426,1030,480,13712,Sneakers
270,Instagram,2024-05-31,17975,3951,1076,8373,Jeans
271,Instagram,2024-10-29,26951,3804,558,8553,T-Shirts
272,X,2024-03-22,19386,505,878,14749,T-Shirts
273,Instagram,2024-04-18,4146,666,217,226,Jeans
274,X,2024-02-25,40652,2508,882,469,Sneakers
275,X,2024-04-20,49809,3638,1170,10542,Jeans
276,Website,2024-01-23,4435,1944,1095,3354,T-Shirts
277,Website,2024-08-04,49366,3610,587,8353,Jeans
278,Website,2024-08-19,4405,240,1178,6796,Jeans
279,X,2024-04-10,25874,4573,260,10315,T-Shirts
280,X,2024-10-28,43558,3744,331,6143,Jackets
281,Website,2024-03-24,32960,3943,636,12055,Jackets
282,Instagram,2024-08-08,13193,3528,694,9203,Jackets
283,X,2024-06-18,40204,2725,918,11350,Sneakers
284,Instagram,2024-09-29,8200,520,1142,7356,Sneakers
285,Website,2024-08-23,12814,5892,558,5877,T-Shirts
286,Website,2024-10-10,44053,4336,1142,10164,T-Shirts
287,X,2024-05-11,47068,1714,114,806,Jeans
288,X,2024-10-15,55411,565,711,2655,T-Shirts
289,Website,2024-11-07,46032,3907,1084,1263,Jackets
290,X,2024-05-04,56841,3975,642,8442,Jeans
291,Website,2024-01-21,29369,5607,277,1148,Jeans
292,Website,2024-04-21,29323,1048,10,2802,T-Shirts
293,Website,2024-07-23,40616,2051,14,8380,Jackets
294,Instagram,2024-11-24,21329,4813,445,5443,T-Shirts
295,Instagram,2024-02-08,26262,3014,1061,7316,T-Shirts
296,Instagram,2024-07-05,27751,4310,327,11364,T-Shirts
297,Website,2024-09-29,30939,5769,1052,13330,Jeans
298,Website,2024-02-21,35960,1354,494,7663,Jackets
299,X,2024-01-04,10309,1460,683,12418,Sneakers
300,Instagram,2024-07-07,34135,1387,1123,14008,Sneakers
301,X,2024-10-08,42286,4961,974,5266,Jeans
302,X,2024-03-22,48179,5264,708,8079,T-Shirts
303,Website,2024-01-25,59284,1432,101,4061,Jackets
304,Instagram,2024-01-16,35435,5972,630,8886,Jackets
305,X,2024-03-25,14118,2743,1158,9605,Sneakers
306,X,2024-02-12,46752,3105,911,3976,T-Shirts
307,Instagram,2024-04-17,16121,2148,861,12687,Jeans
308,Instagram,2024-06-02,8354,3895,212,7818,T-Shirts
309,X,2024-02-18,44322,5881,1010,3578,T-Shirts
310,X,2024-04-12,32928,1404,703,4673,Sneakers
311,Website,2024-12-22,17719,2306,191,7082,Jeans
312,Website,2024-03-25,56088,4021,861,9104,Sneakers
313,Website,2024-05-08,43272,1702,67,2872,T-Shirts
314,Instagram,2024-06-12,23142,3832,366,12347,Jeans
315,X,2024-10-12,7171,152,1122,2074,Jeans
316,Instagram,2024-09-15,9199,4338,387,3230,Jeans
317,Instagram,2024-11-17,46507,540,470,1515,Sneakers
318,Website,2024-04-08,3524,3697,471,328,T-Shirts
319,Instagram,2024-01-12,23701,1858,993,2049,Jeans
320,X,2024-03-22,49286,1127,28,14933,Sneakers
321,Instagram,2024-01-17,22280,624,12,12104,Jeans
322,X,2024-04-21,43895,1414,677,841,Jeans
323,Instagram,2024-01-21,39620,269,344,6264,T-Shirts
324,Instagram,2024-08-06,37266,2665,899,2670,Jeans
325,Website,2024-03-30,40937,2540,895,1996,T-Shirts
326,Website,2024-06-06,13649,2446,349,929,T-Shirts
327,X,2024-01-25,9307,5084,405,2215,Sneakers
328,X,2024-09-07,42840,3224,51,399,T-Shirts
329,Instagram,2024-10-14,46282,1431,1147,9807,Jeans
330,Website,2024-01-17,1645,1032,931,10341,T-Shirts
331,Instagram,2024-01-30,53644,945,53,4828,Sneakers
332,Website,2024-09-21,59806,1965,1100,959,Sneakers
333,X,2024-09-11,52334,451,648,10178,Jackets
334,Website,2024-10-16,18800,5351,107,13120,T-Shirts
335,Website,2024-07-16,36344,333,408,5540,Jackets
336,Website,2024-07-26,13386,2708,627,11431,Jackets
337,Instagram,2024-09-17,27545,4511,1012,10781,T-Shirts
338,Website,2024-06-29,41780,4896,636,142,Jackets
339,X,2024-01-17,14228,4973,780,9933,T-Shirts
340,X,2024-07-24,33499,4867,1192,8587,T-Shirts
341,Instagram,2024-08-25,38309,467,1034,3601,Sneakers
342,Website,2024-06-27,39259,3799,92,9165,Jeans
343,Website,2024-01-19,51220,1283,1127,6435,T-Shirts
344,Website,2024-10-19,33999,1779,394,10598,Jackets
345,Website,2024-09-06,19421,4133,896,11859,Jeans
346,X,2024-11-03,52007,1515,180,2699,Jeans
347,Website,2024-04-29,6449,1844,441,10404,Jeans
348,Instagram,2024-05-25,31598,2666,393,8679,Sneakers
349,Website,2024-09-27,54896,4725,144,13895,Sneakers
350,Instagram,2024-02-03,5069,1092,114,11700,T-Shirts
351,Instagram,2024-04-14,13912,2113,1118,5109,Sneakers
352,Website,2024-05-24,43060,1579,1162,10668,T-Shirts
353,Instagram,2024-07-20,55958,3184,603,6831,Jackets
354,Instagram,2024-08-16,47398,1344,74,12810,Jeans
355,Instagram,2024-07-16,53878,734,526,12523,Jackets
356,Website,2024-01-06,937,3062,628,6734,Jeans
357,Instagram,2024-05-17,28406,2084,890,1461,Jeans
358,Instagram,2024-10-26,19869,2574,813,1688,T-Shirts
359,Website,2024-09-21,26100,1301,323,799,T-Shirts
360,Website,2024-04-14,32702,1434,138,6552,Sneakers
361,Instagram,2024-07-15,20018,4732,52,2053,Sneakers
362,X,2024-07-08,7735,5522,374,1756,T-Shirts
363,Website,2024-01-13,35101,960,197,10213,T-Shirts
364,Instagram,2024-08-21,54523,4038,72,11867,Jeans
365,X,2024-02-26,20813,4996,1003,6115,T-Shirts
366,X,2024-03-04,41910,2062,933,767,Jeans
367,X,2024-10-03,9976,5829,649,14604,Jackets
368,X,2024-02-19,21775,5887,360,3434,Jackets
369,X,2024-07-19,41067,4078,602,9484,Sneakers
370,Instagram,2024-01-26,5856,409,53,7738,Jackets
371,Website,2024-06-20,13335,5611,216,11904,Jeans
372,X,2024-11-12,49320,397,356,8649,Jeans
373,X,2024-01-03,57723,537,212,4902,Sneakers
374,Website,2024-07-25,6819,4967,1144,10029,Sneakers
375,Instagram,2024-09-06,47404,3566,745,10151,T-Shirts
376,X,2024-05-10,15696,3330,596,4948,Sneakers
377,Website,2024-07-29,45108,385,220,5571,Sneakers
378,X,2024-05-05,38994,971,505,8429,Jeans
379,Instagram,2024-09-16,6749,3933,1123,7138,Jeans
380,X,2024-11-22,38459,4021,163,13504,T-Shirts
381,X,2024-07-28,41382,2775,15,3085,Jackets
382,Instagram,2024-04-22,51279,5281,249,4416,Sneakers
383,Website,2024-11-30,8155,2023,203,1055,Jeans
384,X,2024-08-13,13712,5253,743,8950,Sneakers
385,Instagram,2024-02-07,56275,2434,611,11573,Sneakers
386,X,2024-05-04,30944,4589,18,6603,Sneakers
387,X,2024-09-07,14083,1499,797,4536,Jackets
388,Instagram,2024-09-06,47696,2740,1131,6025,T-Shirts
389,X,2024-10-20,55881,4343,919,3637,Sneakers
390,X,2024-04-10,14333,2887,885,949,Sneakers
391,Website,2024-07-22,40783,5984,1153,13657,T-Shirts
392,X,2024-10-02,8468,3117,281,8498,Jeans
393,Website,2024-11-06,41631,3534,81,10611,T-Shirts
394,Instagram,2024-06-20,49812,4598,960,7305,Jeans
395,X,2024-04-11,55940,3261,516,13481,T-Shirts
396,Website,2024-01-15,15222,4392,1170,3275,T-Shirts
397,Instagram,2024-04-24,53620,3841,389,6895,Sneakers
398,Website,2024-05-24,5817,3626,354,5252,T-Shirts
399,X,2024-11-09,48674,3008,369,13530,Jackets
400,Website,2024-03-06,52939,1261,246,11111,Jackets
401,Instagram,2024-01-21,31912,1875,88,5480,Jeans
402,X,2024-07-31,31095,3638,1157,3918,T-Shirts
403,Website,2024-01-01,43369,914,98,13044,Jackets
404,X,2024-12-06,18505,2449,655,13588,T-Shirts
405,Website,2024-11-28,29190,2017,504,11929,Jeans
406,Instagram,2024-08-26,37151,2118,623,2810,Jackets
407,Instagram,2024-01-18,37973,731,1165,3831,T-Shirts
408,Instagram,2024-05-08,43135,3979,329,243,T-Shirts
409,Website,2024-08-09,30557,1129,59,7892,T-Shirts
410,X,2024-01-04,12974,3400,959,6595,T-Shirts
411,Website,2024-04-20,27977,5611,85,7068,Sneakers
412,Instagram,2024-09-09,47262,1661,594,10995,Jeans
413,Instagram,2024-04-06,45225,4771,346,13414,Sneakers
414,Instagram,2024-05-28,1127,3464,1034,2606,T-Shirts
415,X,2024-01-07,44729,5455,1170,11514,T-Shirts
416,Website,2024-09-22,17931,3666,243,10839,Sneakers
417,Instagram,2024-03-15,32755,4610,756,2487,Jackets
418,Website,2024-07-31,35924,3209,891,586,T-Shirts
419,X,2024-01-25,49604,2042,979,6608,Sneakers
420,Instagram,2024-10-01,26271,5460,922,6360,T-Shirts
421,X,2024-05-29,43588,712,875,14489,T-Shirts
422,Website,2024-07-10,3033,1482,333,11908,T-Shirts
423,X,2024-08-24,46365,828,123,5936,T-Shirts
424,Instagram,2024-02-03,40258,3981,633,2824,T-Shirts
425,Instagram,2024-05-30,10515,2521,583,2622,Jackets
426,X,2024-07-17,55267,4322,48,5401,Jackets
427,X,2024-01-06,38837,3176,679,14580,T-Shirts
428,X,2024-09-07,34239,5993,400,8932,Jeans
429,Instagram,2024-03-23,52524,2127,507,10836,Jeans
430,X,2024-04-09,36559,994,745,7120,Sneakers
431,Website,2024-02-01,23312,2713,359,7421,Sneakers
432,X,2024-06-12,10536,1193,521,2448,Jackets
433,X,2024-04-06,18172,2770,19,4642,Jeans
434,X,2024-11-29,6270,93,97,11906,Sneakers
435,X,2024-12-09,6859,4051,1182,5917,Jeans
436,Instagram,2024-02-06,19797,5335,244,2894,Sneakers
437,Instagram,2024-02-07,47368,903,268,3802,T-Shirts
438,X,2024-05-18,45019,5067,1128,7153,Sneakers
439,Instagram,2024-01-26,48000,1448,908,3324,T-Shirts
440,X,2024-12-12,58642,3747,537,1808,T-Shirts
441,Website,2024-04-12,11931,109,843,5529,Sneakers
442,Website,2024-09-13,10784,1393,208,13102,Jeans
443,Website,2024-01-11,13920,1514,1137,10369,Sneakers
444,Instagram,2024-04-08,45602,273,47,8357,Jackets
445,Instagram,2024-12-08,58260,2392,930,552,Jeans
446,Instagram,2024-02-28,15207,5630,1061,9451,Jackets
447,Website,2024-06-02,30360,5975,1186,11915,Jackets
448,Website,2024-12-12,54917,145,979,10952,T-Shirts
449,Website,2024-01-06,15344,2146,862,230,Jeans
450,Instagram,2024-09-16,17546,453,1124,10301,T-Shirts
451,X,2024-04-10,23612,3504,516,7244,T-Shirts
452,Website,2024-01-17,48299,3382,581,3860,Jeans
453,X,2024-10-16,24840,3811,1077,4879,Jackets
454,X,2024-02-24,54740,5202,875,12452,Jackets
455,X,2024-01-04,47393,4436,720,11379,Jeans
456,X,2024-05-07,14190,4477,1105,5859,Sneakers
457,Instagram,2024-12-25,24430,4782,912,3918,Jeans
458,Instagram,2024-04-03,24165,622,967,7462,Jackets
459,X,2024-11-02,38586,3243,1050,4890,T-Shirts
460,Instagram,2024-02-16,12355,1092,645,8290,Jackets
461,X,2024-04-15,19427,5612,619,8047,Jeans
462,Instagram,2024-07-12,52510,749,1056,4225,T-Shirts
463,X,2024-10-08,38419,565,462,2942,Sneakers
464,Website,2024-05-27,30497,4787,901,6198,T-Shirts
465,Instagram,2024-03-22,39793,3613,512,8992,Sneakers
466,X,2024-09-20,20350,5670,742,1594,T-Shirts
467,Website,2024-05-28,26237,4840,1162,4506,Jeans
468,Instagram,2024-11-11,13611,1794,365,7203,Jackets
469,X,2024-10-29,13967,1978,1164,13904,Sneakers
470,Instagram,2024-03-28,19101,2591,1022,841,Jackets
471,Instagram,2024-03-24,12837,1660,113,774,T-Shirts
472,X,2024-06-07,44352,3716,893,5485,Jackets
473,Website,2024-02-19,39039,758,527,7286,Jackets
474,Instagram,2024-04-27,27247,3966,685,695,T-Shirts
475,Website,2024-04-14,19579,3319,907,6919,Jeans
476,Instagram,2024-06-08,23087,1899,20,8325,Sneakers
477,X,2024-01-13,31921,2668,644,8524,Sneakers
478,Instagram,2024-02-04,3525,4857,711,13360,Jeans
479,Website,2024-07-18,56394,2727,1073,11302,Sneakers
480,Website,2024-01-29,44683,407,182,12640,Jeans
481,Website,2024-10-12,18200,5306,1122,10212,Jackets
482,X,2024-01-21,1642,5362,823,8392,T-Shirts
483,Instagram,2024-04-23,10508,1938,472,10235,Jackets
484,X,2024-03-14,52537,29,146,13336,Jeans
485,X,2024-07-16,5532,2849,90,14173,T-Shirts
486,Website,2024-07-20,7097,287,689,6716,T-Shirts
487,Website,2024-03-12,57946,928,799,4558,Jackets
488,Instagram,2024-01-03,57082,2649,714,3400,Jeans
489,Website,2024-01-23,6326,3088,850,6081,Jackets
490,Website,2024-09-03,5070,2118,1158,12744,T-Shirts
491,Instagram,2024-12-27,24916,3278,530,1477,Jeans
492,Instagram,2024-02-07,24392,1916,756,11336,Jeans
493,Instagram,2024-04-26,55900,3729,152,470,Jeans
494,Instagram,2024-02-16,8986,3129,1085,5560,Jackets
495,Instagram,2024-12-30,36175,2018,239,12950,Sneakers
496,Instagram,2024-02-04,45918,2287,1159,14685,Sneakers
497,Instagram,2024-02-04,15291,2774,671,4869,Jeans
498,Instagram,2024-12-14,17812,1247,1010,4324,Jeans
499,X,2024-09-11,34223,3268,791,5387,Jackets
500,Website,2024-09-09,54712,3202,221,1812,Sneakers
501,Instagram,2024-09-15,34868,5485,400,5362,Jeans
502,Instagram,2024-04-05,54492,4918,1101,8514,T-Shirts
503,X,2024-10-13,1413,1007,401,2263,Sneakers
504,Website,2024-10-09,31897,5382,239,6670,Sneakers
505,X,2024-10-23,781,1788,946,14441,Sneakers
506,Instagram,2024-08-24,27748,2511,651,6667,Jackets
507,Instagram,2024-01-25,39982,3454,160,9601,Jackets
508,X,2024-05-01,11553,5252,18,13623,T-Shirts
509,X,2024-07-02,16683,264,370,9753,T-Shirts
510,Instagram,2024-01-18,34352,757,76,12893,Sneakers
511,Website,2024-12-09,32103,3324,841,7339,Sneakers
512,Instagram,2024-01-26,44249,2916,1111,1556,Jeans
513,X,2024-09-25,10309,5356,60,427,Sneakers
514,Instagram,2024-03-04,58806,3575,218,11894,Jeans
515,Instagram,2024-07-12,26919,846,301,7956,Jackets
516,X,2024-07-03,54270,3927,402,2996,Jeans
517,Instagram,2024-08-07,700,1312,1181,5701,Sneakers
518,Instagram,2024-12-13,22156,2687,855,13550,Sneakers
519,X,2024-11-27,27789,5848,606,9574,Jeans
520,X,2024-01-27,38927,4569,196,6756,Jeans
521,Instagram,2024-12-12,637,1247,711,7427,Jeans
522,Instagram,2024-09-24,29811,3933,1001,8537,Sneakers
523,X,2024-03-01,20450,3881,830,14671,Jackets
524,Website,2024-07-11,32986,4868,1195,108,T-Shirts
525,X,2024-05-08,51980,1499,539,13504,Jackets
526,X,2024-08-15,54657,1401,696,1107,Jackets
527,Website,2024-10-15,45280,3930,433,640,Jeans
528,X,2024-04-13,16451,4467,124,5410,T-Shirts
529,Website,2024-05-14,49322,299,627,2061,Jeans
530,Instagram,2024-11-24,50313,1814,581,4737,Jeans
531,X,2024-08-15,46900,1029,986,10452,Jackets
532,Instagram,2024-08-22,19789,1580,276,12017,Jeans
533,X,2024-07-24,43734,5566,63,9598,Jackets
534,X,2024-09-25,10968,319,277,1928,Jeans
535,Website,2024-07-02,6927,3845,960,10622,T-Shirts
536,Website,2024-08-30,26585,723,266,9155,Jackets
537,X,2024-11-03,39404,4518,187,8519,T-Shirts
538,Instagram,2024-08-01,26799,4144,497,11708,T-Shirts
539,Website,2024-07-30,51581,2354,715,4529,Jackets
540,X,2024-11-19,41755,1605,591,11866,T-Shirts
541,X,2024-11-17,34466,3142,895,1917,T-Shirts
542,Website,2024-06-10,14397,2488,1026,2612,Jackets
543,Website,2024-08-02,13095,1641,817,3297,Jeans
544,Instagram,2024-10-04,46114,965,121,7447,Jeans
545,Instagram,2024-07-22,28393,2907,412,4394,Jeans
546,X,2024-04-25,7953,1939,127,13727,T-Shirts
547,Instagram,2024-10-02,2144,1705,776,4468,Jeans
548,X,2024-08-20,49904,1807,234,1284,Jeans
549,Website,2024-03-31,42365,1557,661,10233,Sneakers
550,Website,2024-09-24,51139,5625,1199,8789,Sneakers
551,Website,2024-09-24,44173,3585,1086,14164,T-Shirts
552,Website,2024-02-28,5926,4648,745,4853,T-Shirts
553,Instagram,2024-06-20,43468,3147,846,4605,T-Shirts
554,X,2024-11-04,49360,5213,306,13736,T-Shirts
555,Website,2024-03-09,54386,1768,338,6856,T-Shirts
556,X,2024-10-10,16016,5162,992,7610,Jackets
557,Instagram,2024-10-02,43498,3461,298,5868,Sneakers
558,Website,2024-01-30,3765,4815,299,4689,Sneakers
559,Website,2024-09-21,41979,4800,680,119,Jeans
560,Website,2024-05-09,54342,5348,263,6054,Jeans
561,Instagram,2024-08-19,41755,1567,375,1851,T-Shirts
562,Instagram,2024-02-12,51352,2392,742,7143,Jeans
563,Website,2024-06-19,45843,4891,638,10535,Jackets
564,X,2024-01-14,53476,5113,847,1055,Sneakers
565,Instagram,2024-10-03,56210,5731,1188,449,Jackets
566,Instagram,2024-12-08,38083,4444,732,9924,Sneakers
567,Instagram,2024-08-13,23269,3039,819,4505,Sneakers
568,Website,2024-08-10,18250,3724,916,14129,Sneakers
569,Instagram,2024-07-24,20308,5435,1086,3977,Sneakers
570,Website,2024-09-17,51070,1573,464,363,T-Shirts
571,Instagram,2024-10-02,49783,2130,691,8417,Jackets
572,Instagram,2024-04-08,17136,2809,62,12571,Jeans
573,Instagram,2024-07-28,56572,1634,44,3899,Jeans
574,X,2024-06-23,55948,5218,406,10239,Jackets
575,X,2024-01-09,37106,3403,758,13970,Jeans
576,Website,2024-10-20,21752,3344,250,11387,Sneakers
577,X,2024-01-16,7393,5971,26,8533,Jackets
578,Website,2024-07-06,36878,1829,1082,9742,Sneakers
579,Instagram,2024-03-16,18382,4513,275,11985,Jeans
580,Instagram,2024-03-19,57558,4906,183,11047,Jackets
581,X,2024-01-15,3350,843,326,9325,T-Shirts
582,X,2024-02-19,28269,995,513,7241,Sneakers
583,X,2024-06-12,12787,5647,828,14580,Jackets
584,X,2024-10-05,36062,3645,1126,9944,Jackets
585,Website,2024-01-27,51432,4779,1077,1905,Jeans
586,Instagram,2024-04-21,2520,1161,133,8653,Sneakers
587,Website,2024-05-12,13969,552,190,10721,Jeans
588,Instagram,2024-05-14,21010,3929,177,10606,Sneakers
589,Instagram,2024-04-25,38776,3864,555,3767,Jeans
590,Website,2024-03-22,37212,4389,11,1619,T-Shirts
591,Instagram,2024-05-13,2744,1051,612,1395,Jeans
592,Instagram,2024-05-01,13652,3653,856,2949,Jackets
593,Instagram,2024-01-09,8857,4063,482,9596,Jackets
594,Instagram,2024-02-20,48928,3768,908,5817,Jeans
595,Instagram,2024-12-19,36247,861,1177,481,T-Shirts
596,Instagram,2024-10-28,2598,2945,443,13556,T-Shirts
597,X,2024-02-03,56788,4122,407,14054,Jeans
598,Instagram,2024-02-17,58264,1005,410,14359,Sneakers
599,Website,2024-02-01,17270,2711,1090,14680,Jeans
600,X,2024-08-01,23818,5207,536,14656,Jeans
601,Instagram,2024-02-03,3932,4997,525,6715,Sneakers
602,Instagram,2024-07-22,57121,454,679,14743,Jackets
603,Instagram,2024-07-12,19735,2875,106,3638,Sneakers
604,Website,2024-10-04,52628,1432,543,12717,T-Shirts
605,X,2024-08-03,39982,5108,721,11132,T-Shirts
606,X,2024-05-22,57384,1875,473,179,Sneakers
607,Website,2024-07-26,2753,2431,624,14648,Sneakers
608,Instagram,2024-11-09,34997,2360,1190,8903,Jackets
609,Instagram,2024-05-13,58722,5116,57,8550,Jackets
610,X,2024-10-20,55417,2794,272,11122,Jeans
611,X,2024-09-30,26393,1896,31,4934,Sneakers
612,Instagram,2024-06-19,31041,576,116,8302,Sneakers
613,Website,2024-02-27,6796,2766,966,5062,T-Shirts
614,Website,2024-06-18,11175,3895,856,9628,T-Shirts
615,X,2024-08-17,4712,4563,183,14619,T-Shirts
616,Website,2024-12-23,45146,3731,380,7811,Jackets
617,Website,2024-02-08,33640,1433,138,5115,Jeans
618,X,2024-06-14,13955,4813,649,2074,Jeans
619,Website,2024-11-23,39843,2563,1149,9257,Sneakers
620,X,2024-12-28,55076,3089,36,4012,T-Shirts
621,Instagram,2024-04-17,38177,1730,799,13354,T-Shirts
622,X,2024-05-03,55033,1008,90,9339,Sneakers
623,Website,2024-10-01,31622,926,1171,5514,T-Shirts
624,X,2024-07-21,44826,3253,1195,155,Jackets
625,Website,2024-11-10,49267,4430,164,9982,Jeans
626,Instagram,2024-04-06,9441,1716,914,6587,Sneakers
627,X,2024-05-28,19183,5263,550,5257,Jeans
628,X,2024-09-02,54605,5470,437,10232,Sneakers
629,Website,2024-01-19,29865,5674,360,2054,Sneakers
630,Website,2024-12-04,31761,3999,45,10577,Jackets
631,Instagram,2024-10-08,46745,3110,1045,11619,Jeans
632,X,2024-05-02,50565,3775,257,7108,Jeans
633,Website,2024-01-31,6658,438,695,13074,T-Shirts
634,Website,2024-07-10,31477,394,664,9362,Jackets
635,Instagram,2024-01-03,49396,5041,260,9124,T-Shirts
636,Instagram,2024-10-28,35350,684,789,13924,T-Shirts
637,X,2024-11-10,18109,4689,666,6047,Jackets
638,Website,2024-12-27,2415,5491,721,8969,Sneakers
639,Instagram,2024-08-21,1927,5188,1114,3916,Sneakers
640,X,2024-07-27,58033,2476,484,11907,Sneakers
641,X,2024-12-23,1506,1990,629,3486,Jeans
642,Website,2024-02-18,30062,2745,877,6367,T-Shirts
643,Instagram,2024-04-14,10514,3282,496,9322,Jackets
644,X,2024-01-06,27599,2387,185,10013,Jeans
645,Instagram,2024-08-26,59528,1987,212,14109,T-Shirts
646,Instagram,2024-11-09,58180,5824,334,1209,T-Shirts
647,X,2024-03-24,56963,3629,519,13937,Jackets
648,Instagram,2024-12-21,35870,5000,1113,7758,Sneakers
649,X,2024-10-04,43738,4629,235,10641,Jackets
650,Website,2024-05-19,50078,4588,427,2232,Jeans
651,Instagram,2024-06-14,5503,4281,60,11979,Sneakers
652,X,2024-02-26,7569,4464,1134,3209,Sneakers
653,Website,2024-03-25,24041,1751,732,9705,T-Shirts
654,X,2024-07-12,44795,4950,44,6340,T-Shirts
655,Website,2024-04-12,19896,5816,927,3149,Jackets
656,Instagram,2024-03-22,20240,3963,188,13261,T-Shirts
657,X,2024-04-20,58503,5369,556,9359,Sneakers
658,Website,2024-10-24,34492,3933,939,90,Sneakers
659,Instagram,2024-10-27,32929,1525,1081,8913,Jeans
660,Instagram,2024-05-09,29057,5556,1080,6463,Jackets
661,Website,2024-04-17,1271,1663,915,1418,T-Shirts
662,Website,2024-09-20,12706,4944,1089,11947,Jackets
663,X,2024-08-12,3576,3045,814,11793,T-Shirts
664,X,2024-08-25,56769,58,492,2210,Sneakers
665,Instagram,2024-11-22,13470,4259,561,825,T-Shirts
666,Instagram,2024-11-20,6073,4240,901,2525,Jackets
667,Instagram,2024-07-12,7709,4153,187,5472,T-Shirts
668,X,2024-08-06,15468,5914,1105,5764,Jeans
669,Instagram,2024-05-26,16126,4089,1137,1385,T-Shirts
670,Website,2024-04-21,25223,5038,706,5320,Jackets
671,Instagram,2024-08-19,41309,1263,856,4505,T-Shirts
672,Website,2024-07-11,16126,3960,1039,14481,T-Shirts
673,Instagram,2024-02-17,657,3130,594,12693,T-Shirts
674,Website,2024-02-06,42338,4108,261,54,T-Shirts
675,Website,2024-03-13,59340,2115,160,6285,Sneakers
676,Instagram,2024-11-19,38048,1418,516,209,Jackets
677,Website,2024-02-26,20787,5803,527,6687,T-Shirts
678,Instagram,2024-08-09,11842,4018,154,3522,Jackets
679,X,2024-06-30,48881,5911,740,9398,Jackets
680,Instagram,2024-09-12,20252,3808,830,4874,T-Shirts
681,Website,2024-07-11,8954,5978,566,5800,T-Shirts
682,Website,2024-01-15,32135,3372,295,12664,Sneakers
683,X,2024-03-20,16649,1947,472,14822,T-Shirts
684,X,2024-09-09,52341,4526,992,14816,Jeans
685,Website,2024-09-24,42686,4428,491,12283,Jeans
686,Instagram,2024-04-23,35502,655,906,2395,Jeans
687,X,2024-07-14,57779,5778,441,2791,Sneakers
688,X,2024-08-28,54859,3578,444,12489,Jeans
689,X,2024-07-03,27992,2979,789,4041,Jackets
690,Instagram,2024-06-25,7598,949,713,9005,Jeans
691,X,2024-04-11,33571,2929,260,4811,Jackets
692,Instagram,2024-12-23,16020,2703,963,5462,Jeans
693,Instagram,2024-11-11,4493,1238,66,2660,Jeans
694,Website,2024-02-23,53780,1161,247,9206,T-Shirts
695,Website,2024-07-21,36841,1354,227,1321,Sneakers
696,Website,2024-04-10,50220,1965,142,10732,T-Shirts
697,X,2024-06-23,12407,1079,774,11419,Sneakers
698,X,2024-09-27,33789,2345,1003,3975,T-Shirts
699,Instagram,2024-07-24,2371,2052,907,6599,Jeans
700,X,2024-07-11,10793,1765,653,8112,Jeans
701,X,2024-04-19,55638,658,257,10640,T-Shirts
702,X,2024-10-17,25491,3715,407,14115,Jeans
703,Instagram,2024-06-26,15442,3127,80,2777,Jackets
704,X,2024-01-03,47043,2586,35,11633,Sneakers
705,Instagram,2024-05-29,29056,5484,635,12177,Jeans
706,Instagram,2024-03-14,8353,5767,1062,5358,Sneakers
707,Instagram,2024-07-23,54087,2307,585,3216,Jackets
708,Website,2024-09-15,5545,3592,1112,7841,T-Shirts
709,Instagram,2024-08-13,45977,2938,364,12909,Jeans
710,X,2024-08-20,35060,3737,216,13111,Jackets
711,Website,2024-06-22,34390,5782,484,5756,Jackets
712,Website,2024-07-05,52230,4749,270,6945,Sneakers
713,Website,2024-03-28,52351,305,781,12989,Jeans
714,Website,2024-11-13,9746,3137,140,13520,Jeans
715,Instagram,2024-06-30,10883,247,1121,2269,Jackets
716,X,2024-04-24,37274,1140,513,1890,T-Shirts
717,Instagram,2024-11-14,43626,5105,653,7207,Sneakers
718,Instagram,2024-11-23,39014,3003,863,11920,Jackets
719,X,2024-03-29,9501,4189,656,13568,Jackets
720,Website,2024-08-04,20814,3074,297,5148,Sneakers
721,Instagram,2024-11-20,36015,1315,937,4616,Sneakers
722,Website,2024-06-08,2277,3793,876,8076,T-Shirts
723,Instagram,2024-08-31,26828,3270,701,11889,T-Shirts
724,X,2024-12-23,38383,2563,366,11290,T-Shirts
725,X,2024-03-23,8620,4494,297,11187,T-Shirts
726,Website,2024-10-09,55853,658,526,13032,Jeans
727,Instagram,2024-06-20,16465,2220,1015,9195,Jackets
728,Website,2024-12-30,58420,5546,424,2092,Jeans
729,Instagram,2024-04-07,5418,2008,176,8376,Jackets
730,Website,2024-10-06,45110,3136,980,1736,Jackets
731,Instagram,2024-03-01,35097,2153,827,4887,T-Shirts
732,X,2024-04-15,53982,786,141,13743,T-Shirts
733,Website,2024-01-18,1392,2353,358,4765,Jeans
734,Instagram,2024-01-10,57872,4326,473,4908,Sneakers
735,Website,2024-11-28,39477,3720,1090,5385,Sneakers
736,Website,2024-08-01,16942,3480,1123,1383,T-Shirts
737,Website,2024-03-18,1645,3443,166,4670,Jeans
738,X,2024-06-27,22323,35,1079,10668,Sneakers
739,Instagram,2024-09-30,42979,674,967,11292,Jeans
740,Instagram,2024-04-07,4542,4615,495,8256,T-Shirts
741,Instagram,2024-03-02,17818,2554,101,2260,Jackets
742,X,2024-11-10,9351,3236,131,13260,Jackets
743,Website,2024-04-23,4653,3722,117,4509,T-Shirts
744,Website,2024-03-12,44372,671,27,12579,Jackets
745,Website,2024-06-19,38234,5434,387,1584,Jackets
746,Website,2024-08-09,58820,2602,1028,6127,Jeans
747,Website,2024-09-22,45187,2367,1069,10785,T-Shirts
748,Instagram,2024-04-01,10207,2387,899,5305,T-Shirts
749,X,2024-02-26,5840,2777,990,8899,Sneakers
750,X,2024-09-07,45597,3332,87,6606,Jackets
751,Website,2024-11-13,617,5928,60,13390,Jackets
752,Website,2024-07-18,34442,4867,262,14832,T-Shirts
753,Website,2024-09-30,5297,5889,477,10354,Jeans
754,X,2024-07-13,11660,849,920,14350,Jackets
755,X,2024-08-05,1932,3722,1176,6183,Sneakers
756,X,2024-09-27,25105,1938,628,10907,T-Shirts
757,Website,2024-09-02,12863,5732,244,668,T-Shirts
758,Instagram,2024-11-04,11810,3879,1194,13928,Jackets
759,Website,2024-08-02,7101,2786,611,4160,T-Shirts
760,Instagram,2024-06-28,16765,3335,580,4458,T-Shirts
761,X,2024-02-20,6784,5871,860,2674,Jeans
762,X,2024-09-15,18833,1124,191,5394,Sneakers
763,X,2024-07-24,50302,4750,807,1232,T-Shirts
764,X,2024-09-24,21772,1644,629,8982,Jeans
765,X,2024-04-28,53607,1248,437,13547,Sneakers
766,Website,2024-12-26,32909,3753,965,12852,Jackets
767,X,2024-10-30,15026,4145,290,10424,Jackets
768,X,2024-07-29,59361,1092,1024,7381,T-Shirts
769,Instagram,2024-07-15,25336,3246,876,8892,Jackets
770,Instagram,2024-03-10,2820,1864,1135,8971,T-Shirts
771,Instagram,2024-06-08,29904,2133,975,14914,Sneakers
772,Instagram,2024-10-17,10512,4541,269,2547,Sneakers
773,Website,2024-03-14,28115,2161,168,2694,Sneakers
774,Website,2024-11-17,53572,3406,485,4510,Jackets
775,Instagram,2024-06-29,38732,2989,387,2789,T-Shirts
776,Website,2024-09-08,38074,4391,431,11950,Sneakers
777,X,2024-05-15,25628,2794,671,6340,Jackets
778,X,2024-11-03,50279,2985,944,11355,T-Shirts
779,Website,2024-02-05,741,3449,451,2279,Jackets
780,Website,2024-03-08,56022,5314,960,9028,Jeans
781,X,2024-02-14,49123,3594,811,12409,T-Shirts
782,Website,2024-10-11,47634,2999,540,6295,Jeans
783,X,2024-03-27,43175,4200,1101,7889,Jeans
784,X,2024-09-23,31948,5673,743,5399,Jeans
785,X,2024-11-11,9122,1584,877,12889,Jackets
786,X,2024-01-08,49728,1803,241,13172,Jackets
787,X,2024-01-03,9951,5728,69,13892,Sneakers
788,Instagram,2024-02-10,51907,3464,147,7017,Sneakers
789,X,2024-04-05,51336,2422,93,5867,Sneakers
790,X,2024-06-19,54928,2732,1197,9683,Sneakers
791,X,2024-05-24,19913,5743,742,11461,Sneakers
792,X,2024-04-17,43733,5957,90,7156,Jackets
793,X,2024-09-17,36781,5856,838,3938,Sneakers
794,Instagram,2024-11-26,5191,2745,941,4188,Jackets
795,Instagram,2024-02-04,905,4387,834,9967,Jeans
796,Instagram,2024-08-29,23806,5894,477,10961,Sneakers
797,Instagram,2024-11-04,42127,3365,1146,14542,Jeans
798,Website,2024-11-06,51627,1638,600,6299,Jeans
799,Website,2024-08-05,6034,976,104,2495,Sneakers
800,Website,2024-08-17,37819,3369,315,10386,Jackets
801,X,2024-12-21,28340,1491,1005,14485,Jeans
802,Instagram,2024-03-10,45649,5606,133,8640,Jeans
803,X,2024-09-09,55363,4969,907,1710,Sneakers
804,Website,2024-11-01,56388,2598,316,4116,Jeans
805,Instagram,2024-05-31,46902,2172,145,8174,Jeans
806,Website,2024-02-03,20867,5878,167,8093,Jackets
807,Instagram,2024-01-03,28108,936,591,11314,Sneakers
808,Instagram,2024-12-30,12326,874,973,362,Jeans
809,Website,2024-07-14,34130,3589,640,12502,T-Shirts
810,Website,2024-06-25,30116,4080,29,3019,Jeans
811,Website,2024-05-21,4333,5023,760,404,Jeans
812,X,2024-04-30,36606,326,106,2793,Jeans
813,Instagram,2024-01-25,59645,3240,763,1414,Sneakers
814,Instagram,2024-10-02,55401,4749,231,7736,Sneakers
815,Instagram,2024-12-11,44740,1833,1007,4342,Sneakers
816,X,2024-05-18,44923,1440,64,14651,Sneakers
817,X,2024-02-10,45407,5912,745,1905,Jeans
818,X,2024-08-03,34436,3812,950,797,Jackets
819,Instagram,2024-06-16,54787,1367,454,11622,Jackets
820,Website,2024-03-14,3293,4155,633,10338,Jeans
821,Website,2024-11-19,45468,1973,495,10538,T-Shirts
822,X,2024-03-09,45193,733,670,6478,Jackets
823,X,2024-04-06,7471,2700,686,4879,T-Shirts
824,X,2024-07-24,1658,2995,1198,2389,Sneakers
825,X,2024-03-09,42231,2008,420,1383,Jeans
826,Instagram,2024-04-10,6923,2923,778,1748,Jackets
827,X,2024-06-06,7665,1673,343,10602,Sneakers
828,Instagram,2024-03-07,53629,4683,1100,14952,T-Shirts
829,X,2024-08-22,53976,3785,211,12769,T-Shirts
830,Instagram,2024-05-07,50162,846,271,13312,Sneakers
831,Website,2024-12-14,14275,4819,585,10799,Jackets
832,Website,2024-03-13,28494,5213,944,5383,Jeans
833,X,2024-02-18,9885,5893,274,7862,T-Shirts
834,Website,2024-01-13,31711,3119,387,395,Jackets
835,X,2024-11-03,56705,3061,722,6301,Jackets
836,X,2024-06-07,30119,5455,1077,10683,Jackets
837,Instagram,2024-02-18,27382,3156,104,8422,Jackets
838,X,2024-08-06,49544,5971,553,11126,Jeans
839,Website,2024-12-09,4915,4041,414,2740,Jeans
840,X,2024-03-19,14789,4325,1188,4465,T-Shirts
841,Instagram,2024-09-28,8237,4679,40,729,Jeans
842,Instagram,2024-10-18,51642,5378,1054,2745,T-Shirts
843,Website,2024-12-20,45772,3993,157,10682,Sneakers
844,Website,2024-02-02,59725,4390,668,13028,Jeans
845,Website,2024-05-16,26234,2380,181,10629,Sneakers
846,Website,2024-03-07,2605,4213,1072,7785,Jackets
847,Instagram,2024-01-08,28281,1241,457,1980,Sneakers
848,X,2024-10-10,4103,2584,708,4976,Jeans
849,X,2024-01-23,10611,519,404,4937,T-Shirts
850,Website,2024-04-03,30759,5164,945,13761,Jeans
851,X,2024-11-15,5844,678,225,12712,Jeans
852,Instagram,2024-05-23,34267,5430,98,1099,Jackets
853,Website,2024-10-08,6774,5325,355,1724,Jeans
854,Website,2024-03-26,37585,3245,794,13864,Jeans
855,Instagram,2024-12-09,9160,1220,107,7725,Jackets
856,Website,2024-09-17,46115,4971,912,8894,Sneakers
857,X,2024-12-26,11495,564,556,11990,Jeans
858,Instagram,2024-01-25,44732,4113,591,3312,Jeans
859,X,2024-11-13,49667,1007,582,11537,Jackets
860,Instagram,2024-07-07,13297,2095,866,8770,T-Shirts
861,Website,2024-09-10,6127,5835,562,3919,T-Shirts
862,Instagram,2024-12-30,26613,789,867,13579,Sneakers
863,X,2024-01-02,59257,4290,844,173,Jeans
864,Website,2024-07-24,26582,5170,1110,6681,Sneakers
865,Instagram,2024-10-02,46689,1226,239,6405,Jackets
866,Website,2024-01-10,3285,1584,561,8828,Jackets
867,Website,2024-09-24,3777,5111,599,10486,T-Shirts
868,X,2024-12-04,7033,4723,513,7719,Jackets
869,X,2024-12-24,52512,1694,1172,1169,T-Shirts
870,Instagram,2024-03-03,24260,4611,241,2975,Sneakers
871,Website,2024-03-19,43326,256,931,949,Sneakers
872,Website,2024-03-23,6987,713,1177,14698,T-Shirts
873,X,2024-05-04,24882,211,1160,14465,Jeans
874,Website,2024-07-14,1413,4272,259,11562,Jeans
875,Website,2024-02-14,18484,42,912,2371,Sneakers
876,X,2024-03-17,27896,42,706,10045,Jeans
877,Website,2024-03-24,8238,4317,1176,3508,Jackets
878,X,2024-03-04,34980,5453,217,3459,Jackets
879,X,2024-08-19,28116,4558,751,10841,Jeans
880,Instagram,2024-04-28,27849,860,946,3189,Jackets
881,Website,2024-01-12,16780,399,174,13458,Sneakers
882,X,2024-05-17,57099,4174,255,4782,Jeans
883,Website,2024-11-28,32410,201,1156,8682,Jackets
884,Instagram,2024-07-10,31619,5664,339,12193,Jackets
885,X,2024-11-13,21486,3354,764,13319,Jackets
886,Instagram,2024-12-27,13966,3666,931,3830,Jackets
887,Website,2024-11-05,22357,5248,579,9526,Jeans
888,X,2024-02-28,42840,2513,488,5184,Jeans
889,Instagram,2024-10-10,6613,1356,316,7728,Jackets
890,Instagram,2024-11-19,44887,1540,1088,6339,Jackets
891,Website,2024-06-10,13887,1908,23,14624,T-Shirts
892,Instagram,2024-08-11,12827,3069,193,7738,T-Shirts
893,X,2024-03-27,29664,4189,1119,8145,Jackets
894,Website,2024-01-28,1340,808,80,10083,Sneakers
895,Instagram,2024-12-16,17697,5254,867,13117,T-Shirts
896,Website,2024-06-12,30978,342,1047,9043,Sneakers
897,Instagram,2024-01-10,58648,4652,182,10001,Jeans
898,Website,2024-10-31,6650,3341,832,1582,T-Shirts
899,X,2024-10-17,56036,2083,323,13623,Sneakers
900,Instagram,2024-04-03,41798,5106,1116,13340,T-Shirts
901,X,2024-11-25,56747,3112,1051,5359,T-Shirts
902,Instagram,2024-12-10,40893,2966,777,2951,T-Shirts
903,Website,2024-02-10,29810,5974,548,820,T-Shirts
904,Website,2024-05-30,45082,1156,702,3640,Jackets
905,Instagram,2024-08-27,50094,3510,1114,6066,Sneakers
906,Website,2024-05-23,3770,4488,1132,4917,Sneakers
907,Website,2024-01-12,52962,2775,951,14019,Sneakers
908,Instagram,2024-09-05,38962,2221,1011,6893,Sneakers
909,Instagram,2024-08-18,39043,4960,1143,7563,Sneakers
910,X,2024-05-02,11501,276,1186,12569,Jeans
911,Instagram,2024-08-09,36272,2934,254,10808,Jackets
912,Website,2024-07-28,52832,3840,331,11975,Sneakers
913,Instagram,2024-01-30,41039,680,676,4456,T-Shirts
914,X,2024-07-06,16456,3309,1160,3500,T-Shirts
915,Instagram,2024-11-25,18541,5760,969,13390,Sneakers
916,X,2024-05-20,19691,849,1047,3238,Jackets
917,Instagram,2024-07-03,13296,1329,520,5566,Jackets
918,Instagram,2024-05-23,51723,1313,846,7203,Jackets
919,Instagram,2024-06-10,53034,1319,953,5667,Sneakers
920,Instagram,2024-06-07,7529,4679,1151,8644,Jackets
921,X,2024-08-19,4925,4973,55,589,Jeans
922,X,2024-03-13,33360,2841,255,4330,T-Shirts
923,Instagram,2024-05-14,18813,4890,1003,7562,Sneakers
924,Instagram,2024-04-29,34456,5459,1135,9591,T-Shirts
925,X,2024-11-17,47551,1288,80,2345,T-Shirts
926,Instagram,2024-03-25,4285,2331,813,14551,Sneakers
927,Instagram,2024-11-23,40545,4687,179,3663,Jackets
928,Website,2024-12-05,23888,5641,1037,1778,Jackets
929,Website,2024-12-03,49279,2984,339,8919,Sneakers
930,Instagram,2024-03-16,37174,302,416,11335,T-Shirts
931,Website,2024-02-19,1684,2026,1033,14740,Jeans
932,Website,2024-12-17,43431,1916,601,11290,Jeans
933,X,2024-08-18,16747,5847,224,13260,T-Shirts
934,X,2024-09-25,1901,4595,288,10145,Jeans
935,X,2024-10-11,24329,3374,352,12093,Jeans
936,Website,2024-07-11,9789,5404,12,1221,T-Shirts
937,X,2024-04-26,1684,2917,1198,11157,Jackets
938,Instagram,2024-04-03,39233,5331,184,14745,T-Shirts
939,Website,2024-10-18,2316,4415,247,13491,T-Shirts
940,X,2024-01-22,34017,4842,794,10900,T-Shirts
941,Instagram,2024-12-05,55992,843,804,6271,Jeans
942,Website,2024-08-15,24324,3374,1116,11650,Sneakers
943,Instagram,2024-06-30,4161,5977,1017,10310,Jackets
944,X,2024-07-22,21020,3433,1067,12050,Sneakers
945,Website,2024-05-21,24288,4267,416,6968,Sneakers
946,X,2024-09-16,58961,2287,362,5674,Jeans
947,Instagram,2024-01-15,7271,1170,637,12139,Jeans
948,X,2024-06-10,37270,195,231,12657,Sneakers
949,X,2024-07-01,4998,3815,845,6350,T-Shirts
950,X,2024-09-30,9312,4593,499,9203,Jackets
951,Website,2024-11-19,11853,792,788,7513,Jackets
952,Website,2024-09-03,26409,4890,73,11885,Jackets
953,Instagram,2024-01-31,42807,2272,628,6805,Jackets
954,X,2024-05-29,12493,964,903,9637,Jackets
955,Instagram,2024-02-25,24736,2638,360,14156,T-Shirts
956,X,2024-12-18,36856,3119,685,2229,T-Shirts
957,Instagram,2024-01-11,8475,3794,492,5706,T-Shirts
958,X,2024-08-19,38286,4288,815,789,Jeans
959,Website,2024-04-28,19246,5379,392,14805,T-Shirts
960,Website,2024-07-05,42661,5543,742,12399,Jackets
961,Instagram,2024-10-02,8178,1920,785,1313,T-Shirts
962,X,2024-12-21,41639,3114,817,13791,Sneakers
963,Instagram,2024-02-01,43961,1577,1169,7079,T-Shirts
964,Instagram,2024-11-24,11786,1646,427,14169,Sneakers
965,Website,2024-08-06,22445,1421,359,9719,Sneakers
966,Instagram,2024-07-28,32523,2641,709,7482,Jeans
967,Instagram,2024-01-17,21905,5465,581,12546,Jackets
968,Instagram,2024-11-15,7693,1655,127,13393,Sneakers
969,Instagram,2024-03-15,53001,1928,662,11320,Jackets
970,X,2024-02-09,4479,2148,490,14131,Jeans
971,Instagram,2024-11-24,7769,4875,441,1059,T-Shirts
972,Instagram,2024-05-26,59905,2380,1132,10092,Jackets
973,Website,2024-01-03,50286,4950,1164,9368,T-Shirts
974,X,2024-08-08,44863,5700,176,13033,Jackets
975,X,2024-08-01,55224,759,1176,13766,Jeans
976,Website,2024-02-17,22794,5735,1041,9565,Jeans
977,Website,2024-10-09,10865,5389,617,12125,Jeans
978,Website,2024-02-06,52205,5209,731,10467,Jackets
979,Instagram,2024-09-05,58884,2692,1193,11782,Sneakers
980,X,2024-12-15,6045,2808,1191,4948,Jackets
981,Instagram,2024-07-23,35724,3986,297,1072,Sneakers
982,X,2024-07-25,14016,5999,892,8506,Jeans
983,X,2024-02-17,18235,1713,577,10444,Jackets
984,X,2024-01-18,7977,3194,402,11989,Sneakers
985,Website,2024-12-26,16240,1375,136,14978,Sneakers
986,X,2024-10-31,18135,5362,862,14591,T-Shirts
987,Instagram,2024-02-04,30156,1100,590,5810,T-Shirts
988,X,2024-02-26,42598,4650,747,661,Jackets
989,Instagram,2024-10-09,42939,5705,473,5672,T-Shirts
990,Instagram,2024-11-18,17286,3117,1140,14366,Jeans
991,Website,2024-09-30,2658,2897,597,5463,Jackets
992,X,2024-04-26,38078,4528,885,2845,T-Shirts
993,Instagram,2024-01-16,25956,3887,1074,9034,Jeans
994,Website,2024-10-05,10561,3492,1121,5680,Jeans
995,X,2024-08-23,32661,397,947,1407,Jeans
996,Website,2024-01-23,36814,3650,103,10732,T-Shirts
997,Instagram,2024-08-30,27150,2268,879,10042,Jeans
998,Instagram,2024-09-10,9194,1200,231,10580,T-Shirts
999,Instagram,2024-02-18,30510,908,479,14534,T-Shirts
1000,Instagram,2024-04-07,43097,2713,926,3501,T-Shirts
